{
  "data": {
    "items": [
      {
        "unixTime": 1745452800,
        "value": 0.00006136238903417277
      },
      {
        "unixTime": 1745539200,
        "value": 0.00012235580842196524
      }
    ]
  },
  "success": true
}
