{
  "data": {
    "items": [
      {
        "unixTime": 1745452800,
        "value": 0.0017255056298385977
      },
      {
        "unixTime": 1745539200,
        "value": 0.008330109567741974
      }
    ]
  },
  "success": true
}
