{
  "data": {
    "items": [
      {
        "unixTime": 1744675200,
        "value": 0.0003818831040014245
      },
      {
        "unixTime": 1744761600,
        "value": 0.00362768070646757
      }
    ]
  },
  "success": true
}
