{
  "data": {
    "items": [
      {
        "unixTime": 1744812000,
        "value": 0.0016658913590770123
      },
      {
        "unixTime": 1744815600,
        "value": 0.0003664318879992508
      }
    ]
  },
  "success": true
}
