{
  "data": {
    "items": [
      {
        "unixTime": 1744675200,
        "value": 0.000047377168496875575
      },
      {
        "unixTime": 1744761600,
        "value": 0.00028225248871207985
      }
    ]
  },
  "success": true
}
