{
  "data": {
    "items": [
      {
        "unixTime": 1745568000,
        "value": 0.003943801194648096
      },
      {
        "unixTime": 1745582400,
        "value": 0.003517696122599571
      }
    ]
  },
  "success": true
}
