{
  "data": {
    "items": [
      {
        "unixTime": 1744675200,
        "value": 0.00011356884066412582
      },
      {
        "unixTime": 1744761600,
        "value": 0.00004922076500010682
      }
    ]
  },
  "success": true
}
