{
  "data": {
    "items": [
      {
        "unixTime": 1744675200,
        "value": 0.000017175903770770838
      },
      {
        "unixTime": 1744761600,
        "value": 0.00003578577821111015
      },
      {
        "unixTime": 1744848000,
        "value": 0.00024786975580610445
      },
      {
        "unixTime": 1744934400,
        "value": 0.00074033306416725
      }
    ]
  },
  "success": true
}
