{
  "data": {
    "items": [
      {
        "unixTime": 1743379200,
        "value": 0.016783956954913016
      },
      {
        "unixTime": 1743984000,
        "value": 0.10092797165512353
      },
      {
        "unixTime": 1744588800,
        "value": 0.029988646887271066
      }
    ]
  },
  "success": true
}
