{
  "data": {
    "items": [
      {
        "unixTime": 1744675200,
        "value": 0.000003982864203514529
      },
      {
        "unixTime": 1744761600,
        "value": 0.00044891506417003586
      }
    ]
  },
  "success": true
}
