{
  "data": {
    "items": [
      {
        "unixTime": 1742774400,
        "value": 0.00014180757280013695
      },
      {
        "unixTime": 1743379200,
        "value": 0.000807802429370283
      },
      {
        "unixTime": 1743984000,
        "value": 0.0023827586986975603
      }
    ]
  },
  "success": true
}
