{
  "data": {
    "items": [
      {
        "unixTime": 1744848000,
        "value": 0.0001962583801067854
      },
      {
        "unixTime": 1744934400,
        "value": 0.0001287195897756489
      }
    ]
  },
  "success": true
}
