{
  "data": {
    "items": [
      {
        "unixTime": 1744848000,
        "value": 0.0009441068046354301
      },
      {
        "unixTime": 1744934400,
        "value": 0.001126894805996784
      }
    ]
  },
  "success": true
}
