{
  "data": {
    "items": [
      {
        "unixTime": 1742169600,
        "value": 0.011224854650965576
      },
      {
        "unixTime": 1742774400,
        "value": 0.0028897694864065526
      },
      {
        "unixTime": 1743379200,
        "value": 0.0018265071613801998
      },
      {
        "unixTime": 1743984000,
        "value": 0.006637562407441202
      }
    ]
  },
  "success": true
}
