{
  "data": {
    "items": [
      {
        "unixTime": 1744848000,
        "value": 0.0004413093975446979
      },
      {
        "unixTime": 1744934400,
        "value": 0.0006721834564455911
      }
    ]
  },
  "success": true
}
